rho, mu , E_W1 , Var_W1 , E_NQ1 , E_T1 , E_N1 , E_W2 , E_NQ2 , E_T2 , E_N2
0.2, 1, 0.11111111111111112, 0.2345679012345679,  0.011111111111111113, 1.1111111111111112, 0.11111111111111112,  0.38888888888888884,  0.03888888888888889, 1.3888888888888888, 0.1388888888888889
0.4, 1, 0.25, 0.5625,  0.05, 1.25, 0.25,  1.0833333333333335,  0.2166666666666667, 2.0833333333333335, 0.41666666666666674
0.6, 1, 0.4285714285714286, 1.0408163265306123,  0.1285714285714286, 1.4285714285714286, 0.42857142857142855,  2.571428571428571,  0.7714285714285714, 3.571428571428571, 1.0714285714285714       
0.8, 1, 0.6666666666666667, 1.7777777777777781,  0.2666666666666667, 1.6666666666666667, 0.6666666666666667,  7.333333333333336,  2.9333333333333345, 8.333333333333336, 3.3333333333333344        
0.9, 1, 0.8181818181818181, 2.3057851239669422,  0.36818181818181817, 1.8181818181818181, 0.8181818181818181,  17.181818181818183,  7.731818181818182, 18.181818181818183, 8.181818181818183