rho,mu,lambda,rho1,E[X1],E[W1],E[NQ1],E[T1],E[N1]
0.2,1,0.1,0.1,1,0.1111,0.01111,,
0.4,1,0.2,0.2,1,0.25,0.05,,
0.6,1,0.3,0.3,1,0.4285,0.112857,,
0.8,1,0.4,0.4,1,0.6666,0.266666,,
0.9,1,0.45,0.45,1,0.8181,0.36818181,,
